{
  "market_overview": {
    "last_updated": "2024-03-01T10:30:00Z",
    "total_properties": 1247,
    "average_price": 485000,
    "median_price": 425000,
    "price_change_30d": 2.3,
    "price_change_90d": 6.8,
    "price_change_1y": 12.5,
    "rental_yield_avg": 6.8,
    "days_on_market_avg": 38,
    "market_demand_score": 78,
    "inventory_levels": "Moderate"
  },
  "economic_indicators": {
    "interest_rate_current": 7.25,
    "interest_rate_trend": "Stable",
    "employment_rate": 95.6,
    "population_growth": 1.2,
    "gdp_growth": 2.8,
    "inflation_rate": 3.1,
    "consumer_confidence": 68,
    "building_permits_issued": 1456,
    "construction_starts": 892
  },
  "supply_demand": {
    "total_inventory": 15420,
    "new_listings_30d": 1247,
    "pending_sales": 892,
    "closed_sales_30d": 1156,
    "months_of_supply": 4.2,
    "absorption_rate": 73.5,
    "price_to_income_ratio": 8.2,
    "affordability_index": 42
  },
  "neighborhood_stats": [
    {
      "name": "Manhattan",
      "average_price": 1250000,
      "price_change_1y": 15.2,
      "rental_yield": 5.8,
      "demand_score": 92,
      "supply_score": 35,
      "days_on_market": 28,
      "price_per_sqft": 950
    },
    {
      "name": "Brooklyn",
      "average_price": 825000,
      "price_change_1y": 11.8,
      "rental_yield": 7.2,
      "demand_score": 85,
      "supply_score": 52,
      "days_on_market": 35,
      "price_per_sqft": 685
    },
    {
      "name": "Queens",
      "average_price": 625000,
      "price_change_1y": 9.4,
      "rental_yield": 7.8,
      "demand_score": 78,
      "supply_score": 68,
      "days_on_market": 42,
      "price_per_sqft": 495
    },
    {
      "name": "Bronx",
      "average_price": 485000,
      "price_change_1y": 8.1,
      "rental_yield": 8.5,
      "demand_score": 65,
      "supply_score": 78,
      "days_on_market": 52,
      "price_per_sqft": 285
    },
    {
      "name": "Staten Island",
      "average_price": 575000,
      "price_change_1y": 7.9,
      "rental_yield": 7.6,
      "demand_score": 72,
      "supply_score": 65,
      "days_on_market": 46,
      "price_per_sqft": 365
    }
  ],
  "property_types": {
    "apartment": {
      "percentage": 35,
      "average_price": 725000,
      "price_trend_1y": 12.8,
      "rental_yield": 6.9
    },
    "house": {
      "percentage": 25,
      "average_price": 865000,
      "price_trend_1y": 10.2,
      "rental_yield": 6.2
    },
    "condo": {
      "percentage": 20,
      "average_price": 695000,
      "price_trend_1y": 14.5,
      "rental_yield": 7.1
    },
    "townhouse": {
      "percentage": 15,
      "average_price": 1250000,
      "price_trend_1y": 9.8,
      "rental_yield": 5.8
    },
    "loft": {
      "percentage": 5,
      "average_price": 1450000,
      "price_trend_1y": 13.2,
      "rental_yield": 6.5
    }
  },
  "market_predictions": {
    "next_quarter": {
      "price_change_forecast": 3.2,
      "confidence_level": 78,
      "key_factors": ["Interest rates stabilizing", "Seasonal demand increase", "New supply constraints"]
    },
    "next_year": {
      "price_change_forecast": 8.5,
      "confidence_level": 65,
      "key_factors": ["Population growth", "Infrastructure investments", "Economic recovery"]
    }
  },
  "investment_insights": {
    "hot_neighborhoods": [
      {
        "name": "Long Island City",
        "growth_potential": 89,
        "reasons": ["New transportation links", "Commercial development", "Affordability"]
      },
      {
        "name": "Williamsburg",
        "growth_potential": 85,
        "reasons": ["Tech hub development", "Luxury amenities", "Manhattan proximity"]
      },
      {
        "name": "Astoria",
        "growth_potential": 82,
        "reasons": ["Cultural diversity", "Restaurant scene", "Transit access"]
      }
    ],
    "best_rental_yields": [
      {
        "area": "Bronx",
        "yield": 8.5,
        "risk_level": "Medium"
      },
      {
        "area": "Queens",
        "yield": 7.8,
        "risk_level": "Low"
      },
      {
        "area": "Staten Island",
        "yield": 7.6,
        "risk_level": "Low"
      }
    ]
  }
}
