[
  {
    "id": 1,
    "property_name": "Luxury Manhattan Apartment",
    "address": "432 Park Avenue, New York, NY 10016",
    "property_type": "Apartment",
    "bedrooms": 3,
    "bathrooms": 2,
    "square_feet": 1500,
    "price": 1250000,
    "price_per_sqft": 833,
    "listing_date": "2024-01-15",
    "days_on_market": 45,
    "neighborhood": "Midtown East",
    "borough": "Manhattan",
    "latitude": 40.7505,
    "longitude": -73.9776,
    "rental_price": 8500,
    "rental_yield": 8.16,
    "market_demand_score": 95,
    "price_trend_6m": 12.5,
    "price_trend_1y": 18.2,
    "walkability_score": 98,
    "transit_score": 95,
    "amenities": ["Doorman", "Gym", "Rooftop", "Parking"],
    "year_built": 2015,
    "building_type": "High-rise",
    "hoa_fees": 1200
  },
  {
    "id": 2,
    "property_name": "Brooklyn Heights Townhouse",
    "address": "123 Remsen Street, Brooklyn, NY 11201",
    "property_type": "Townhouse",
    "bedrooms": 4,
    "bathrooms": 3,
    "square_feet": 2200,
    "price": 1850000,
    "price_per_sqft": 841,
    "listing_date": "2024-02-01",
    "days_on_market": 32,
    "neighborhood": "Brooklyn Heights",
    "borough": "Brooklyn",
    "latitude": 40.6962,
    "longitude": -73.9936,
    "rental_price": 12000,
    "rental_yield": 7.78,
    "market_demand_score": 88,
    "price_trend_6m": 8.3,
    "price_trend_1y": 15.7,
    "walkability_score": 92,
    "transit_score": 85,
    "amenities": ["Garden", "Parking", "Historic"],
    "year_built": 1890,
    "building_type": "Townhouse",
    "hoa_fees": 0
  },
  {
    "id": 3,
    "property_name": "Queens Modern Condo",
    "address": "45-20 Court Square, Long Island City, NY 11101",
    "property_type": "Condo",
    "bedrooms": 2,
    "bathrooms": 2,
    "square_feet": 1100,
    "price": 750000,
    "price_per_sqft": 682,
    "listing_date": "2024-01-22",
    "days_on_market": 38,
    "neighborhood": "Long Island City",
    "borough": "Queens",
    "latitude": 40.7472,
    "longitude": -73.9436,
    "rental_price": 4800,
    "rental_yield": 7.68,
    "market_demand_score": 78,
    "price_trend_6m": 6.2,
    "price_trend_1y": 11.4,
    "walkability_score": 85,
    "transit_score": 90,
    "amenities": ["Gym", "Pool", "Concierge", "City View"],
    "year_built": 2018,
    "building_type": "High-rise",
    "hoa_fees": 650
  },
  {
    "id": 4,
    "property_name": "Bronx Family House",
    "address": "2145 Grand Concourse, Bronx, NY 10453",
    "property_type": "House",
    "bedrooms": 5,
    "bathrooms": 3,
    "square_feet": 2800,
    "price": 485000,
    "price_per_sqft": 173,
    "listing_date": "2024-01-08",
    "days_on_market": 52,
    "neighborhood": "Concourse",
    "borough": "Bronx",
    "latitude": 40.8448,
    "longitude": -73.8648,
    "rental_price": 3200,
    "rental_yield": 7.92,
    "market_demand_score": 65,
    "price_trend_6m": 4.1,
    "price_trend_1y": 8.9,
    "walkability_score": 78,
    "transit_score": 82,
    "amenities": ["Yard", "Garage", "Basement"],
    "year_built": 1925,
    "building_type": "Single Family",
    "hoa_fees": 0
  },
  {
    "id": 5,
    "property_name": "Staten Island Waterfront Home",
    "address": "88 Bay Street, Staten Island, NY 10301",
    "property_type": "House",
    "bedrooms": 4,
    "bathrooms": 2,
    "square_feet": 2400,
    "price": 675000,
    "price_per_sqft": 281,
    "listing_date": "2024-02-10",
    "days_on_market": 21,
    "neighborhood": "St. George",
    "borough": "Staten Island",
    "latitude": 40.6431,
    "longitude": -74.0776,
    "rental_price": 4200,
    "rental_yield": 7.47,
    "market_demand_score": 72,
    "price_trend_6m": 5.8,
    "price_trend_1y": 9.3,
    "walkability_score": 68,
    "transit_score": 75,
    "amenities": ["Water View", "Garage", "Yard", "Ferry Access"],
    "year_built": 1955,
    "building_type": "Single Family",
    "hoa_fees": 0
  },
  {
    "id": 6,
    "property_name": "SoHo Loft",
    "address": "112 Greene Street, New York, NY 10012",
    "property_type": "Loft",
    "bedrooms": 2,
    "bathrooms": 2,
    "square_feet": 1800,
    "price": 2150000,
    "price_per_sqft": 1194,
    "listing_date": "2024-01-30",
    "days_on_market": 31,
    "neighborhood": "SoHo",
    "borough": "Manhattan",
    "latitude": 40.7234,
    "longitude": -74.0020,
    "rental_price": 15000,
    "rental_yield": 8.37,
    "market_demand_score": 92,
    "price_trend_6m": 10.2,
    "price_trend_1y": 16.8,
    "walkability_score": 100,
    "transit_score": 88,
    "amenities": ["High Ceilings", "Exposed Brick", "Historic", "Art Gallery District"],
    "year_built": 1885,
    "building_type": "Loft",
    "hoa_fees": 800
  },
  {
    "id": 7,
    "property_name": "Williamsburg Penthouse",
    "address": "25 Kent Avenue, Brooklyn, NY 11249",
    "property_type": "Penthouse",
    "bedrooms": 3,
    "bathrooms": 3,
    "square_feet": 2000,
    "price": 1650000,
    "price_per_sqft": 825,
    "listing_date": "2024-02-05",
    "days_on_market": 26,
    "neighborhood": "Williamsburg",
    "borough": "Brooklyn",
    "latitude": 40.7081,
    "longitude": -73.9571,
    "rental_price": 11500,
    "rental_yield": 8.36,
    "market_demand_score": 89,
    "price_trend_6m": 9.7,
    "price_trend_1y": 14.5,
    "walkability_score": 90,
    "transit_score": 92,
    "amenities": ["Terrace", "Manhattan Views", "Modern Kitchen", "Gym"],
    "year_built": 2019,
    "building_type": "High-rise",
    "hoa_fees": 950
  },
  {
    "id": 8,
    "property_name": "Upper East Side Co-op",
    "address": "825 Fifth Avenue, New York, NY 10065",
    "property_type": "Co-op",
    "bedrooms": 4,
    "bathrooms": 3,
    "square_feet": 2500,
    "price": 3250000,
    "price_per_sqft": 1300,
    "listing_date": "2024-01-12",
    "days_on_market": 48,
    "neighborhood": "Upper East Side",
    "borough": "Manhattan",
    "latitude": 40.7831,
    "longitude": -73.9712,
    "rental_price": 18000,
    "rental_yield": 6.64,
    "market_demand_score": 85,
    "price_trend_6m": 7.8,
    "price_trend_1y": 12.1,
    "walkability_score": 95,
    "transit_score": 90,
    "amenities": ["Central Park Views", "Doorman", "Pre-war", "High Ceilings"],
    "year_built": 1928,
    "building_type": "Pre-war",
    "hoa_fees": 2200
  },
  {
    "id": 9,
    "property_name": "Astoria New Construction",
    "address": "35-15 31st Avenue, Astoria, NY 11106",
    "property_type": "Condo",
    "bedrooms": 2,
    "bathrooms": 1,
    "square_feet": 950,
    "price": 625000,
    "price_per_sqft": 658,
    "listing_date": "2024-02-12",
    "days_on_market": 19,
    "neighborhood": "Astoria",
    "borough": "Queens",
    "latitude": 40.7648,
    "longitude": -73.8370,
    "rental_price": 3800,
    "rental_yield": 7.30,
    "market_demand_score": 81,
    "price_trend_6m": 8.9,
    "price_trend_1y": 13.2,
    "walkability_score": 88,
    "transit_score": 85,
    "amenities": ["New Construction", "Balcony", "In-unit Laundry", "Gym"],
    "year_built": 2023,
    "building_type": "Mid-rise",
    "hoa_fees": 450
  },
  {
    "id": 10,
    "property_name": "Red Hook Warehouse Conversion",
    "address": "160 Imlay Street, Brooklyn, NY 11231",
    "property_type": "Loft",
    "bedrooms": 1,
    "bathrooms": 1,
    "square_feet": 1200,
    "price": 725000,
    "price_per_sqft": 604,
    "listing_date": "2024-01-25",
    "days_on_market": 36,
    "neighborhood": "Red Hook",
    "borough": "Brooklyn",
    "latitude": 40.6743,
    "longitude": -74.0106,
    "rental_price": 4500,
    "rental_yield": 7.45,
    "market_demand_score": 76,
    "price_trend_6m": 11.3,
    "price_trend_1y": 17.8,
    "walkability_score": 72,
    "transit_score": 65,
    "amenities": ["Harbor Views", "Industrial Chic", "High Ceilings", "Artist Community"],
    "year_built": 1920,
    "building_type": "Converted Warehouse",
    "hoa_fees": 350
  }
]
